{"models": ["RidgeClassifier", "SGDClassifier", "Perceptron", "PassiveAggressiveClassifier", "BernoulliNB", "ComplementNB", "MultinomialNB", "KNeighborsClassifier", "NearestCentroid", "DecisionTreeClassifier", "RandomForestClassifier", "RidgeClassifier", "AdaBoostClassifier"], "accuracies": [0.9247083775185578, 0.9247083775185578, 0.895722870272181, 0.9254153411099328, 0.8709791445740545, 0.9056203605514316, 0.9066808059384942, 0.8151290208554259, 0.767055496641923, 0.6274301873453517, 0.8282078472958643, 0.9247083775185578, 0.5411806291975964], "training_times": [3.5715155601501465, 1.4931070804595947, 0.8668694496154785, 1.7258329391479492, 0.19835662841796875, 0.1685466766357422, 0.15857815742492676, 0.010012626647949219, 0.09075808525085449, 22.97725772857666, 67.59835195541382, 3.6450324058532715, 92.8790397644043]}